{
  "hash": "1f99c373",
  "configHash": "deb0de9a",
  "lockfileHash": "92de3405",
  "browserHash": "16924b31",
  "optimized": {
    "@angular/core": {
      "src": "../../../../../../node_modules/@angular/core/fesm2022/core.mjs",
      "file": "@angular_core.js",
      "fileHash": "79934e8a",
      "needsInterop": false
    },
    "@angular/platform-browser": {
      "src": "../../../../../../node_modules/@angular/platform-browser/fesm2022/platform-browser.mjs",
      "file": "@angular_platform-browser.js",
      "fileHash": "f5b001b4",
      "needsInterop": false
    },
    "@angular/router": {
      "src": "../../../../../../node_modules/@angular/router/fesm2022/router.mjs",
      "file": "@angular_router.js",
      "fileHash": "46135ab8",
      "needsInterop": false
    }
  },
  "chunks": {
    "chunk-QKOSJ7JN": {
      "file": "chunk-QKOSJ7JN.js"
    },
    "chunk-ICDOO44F": {
      "file": "chunk-ICDOO44F.js"
    }
  }
}