{
  "hash": "c30e392d",
  "configHash": "4d01c2eb",
  "lockfileHash": "92de3405",
  "browserHash": "7f72f087",
  "optimized": {
    "@angular/core": {
      "src": "../../../../../../node_modules/@angular/core/fesm2022/core.mjs",
      "file": "@angular_core.js",
      "fileHash": "54bd694b",
      "needsInterop": false
    },
    "@angular/platform-browser": {
      "src": "../../../../../../node_modules/@angular/platform-browser/fesm2022/platform-browser.mjs",
      "file": "@angular_platform-browser.js",
      "fileHash": "b6be4b1e",
      "needsInterop": false
    },
    "@angular/platform-server": {
      "src": "../../../../../../node_modules/@angular/platform-server/fesm2022/platform-server.mjs",
      "file": "@angular_platform-server.js",
      "fileHash": "5e63bcd6",
      "needsInterop": false
    },
    "@angular/router": {
      "src": "../../../../../../node_modules/@angular/router/fesm2022/router.mjs",
      "file": "@angular_router.js",
      "fileHash": "2ddbda67",
      "needsInterop": false
    },
    "@angular/ssr": {
      "src": "../../../../../../node_modules/@angular/ssr/fesm2022/ssr.mjs",
      "file": "@angular_ssr.js",
      "fileHash": "1e20cb5c",
      "needsInterop": false
    },
    "@angular/ssr/node": {
      "src": "../../../../../../node_modules/@angular/ssr/fesm2022/node.mjs",
      "file": "@angular_ssr_node.js",
      "fileHash": "8baa5107",
      "needsInterop": false
    },
    "express": {
      "src": "../../../../../../node_modules/express/index.js",
      "file": "express.js",
      "fileHash": "b7049970",
      "needsInterop": true
    }
  },
  "chunks": {
    "chunk-VV7R55YH": {
      "file": "chunk-VV7R55YH.js"
    },
    "chunk-3OB43OON": {
      "file": "chunk-3OB43OON.js"
    },
    "chunk-WAHHI4OT": {
      "file": "chunk-WAHHI4OT.js"
    },
    "chunk-MFN5PWB7": {
      "file": "chunk-MFN5PWB7.js"
    },
    "chunk-62672OIL": {
      "file": "chunk-62672OIL.js"
    },
    "xhr2-TXIMV6CV": {
      "file": "xhr2-TXIMV6CV.js"
    },
    "chunk-YHCV7DAQ": {
      "file": "chunk-YHCV7DAQ.js"
    }
  }
}